shRNA,seq,gc.content,knockdown,label
Cd44.3049,TTTGATATAAACTCAAACCTGA,0.27,102,1
CD47.282,TTCACAAACATTTCTTCGGTGC,0.41,100,1
EID1.854,TTGATAATTGATTTCAACGGTC,0.32,100,1
Rictor.4476,TATTTCTGTGAGACTCATCTGC,0.41,100,1
Cdc42.386,TACTAGAAAAACATCTGTCTGT,0.32,99,1
ILK.1017,TCATCGATCATTACACTGCGGC,0.5,99,1
Itga1.1048,TACAATTCCAACCTGTGTCTGT,0.41,99,1
LMO2.1329,TGTATAGAAACAATCTGTGGAA,0.32,99,1
LMO2.1330,TTGTATAGAAACAATCTGTGGA,0.32,99,1
MEG9-001.598,TCTGACTGCAAATTGAGACTGC,0.45,99,1
MN1.6473,TTTTAGTAAGACACGCTCGTTA,0.36,99,1
Mtor.2804,TTCACTTTGTGCTTGTAGGGAT,0.41,99,1
Mtor.3467,TCAAACAATTTCACAATCGGAG,0.36,99,1
Mtor.471,TTCCATGACAACTGGATCGCTT,0.45,99,1
Rictor.7443,TTTAATAGTCTTAAACACCTAT,0.23,99,1
Rock1.681,TAATCTTCTGCTTTCATCCGTA,0.36,99,1
4EBP1.241,TCCATCAGAAATTTCCGGTCAT,0.41,98,1
4EBP1.877,TCATGTCGTCATTTCGAGTGGA,0.45,98,1
Itga1.2421,TTAACTACAGCCACATCTCTGG,0.45,98,1
Itga1.2461,TTGAATATTCACTTTGTTGGGT,0.32,98,1
Itga2.2667,TACTTCTGTTCCATCGACCGGC,0.55,98,1
LMO2.1012,TCTGTACACAACAACTCTCTAT,0.36,98,1
LMO2.533,ATACACTTTGTCTTTCACCCGC,0.45,98,1
LMO2.664,TATATCATCCCATTGATCTTAG,0.32,98,1
MN1.6598,TTCTTTGAAATAAACAACGTGG,0.32,98,1
RAG1.76,ACAGCTTAAATTTCCATTCTGA,0.32,98,1
Rock2.3886,TATAGAATCTGAAATATCCTTG,0.27,98,1
Rock2.476,TACAACATCATAGTCTTCCGCT,0.41,98,1
Rptor.3283,TAAATCAGAAACATCTGGATAG,0.32,98,1
Crk.2354,TTAATCTACACAAGACAACTAA,0.27,97,1
EID1.641,TTAACAGCATCTAACTACTCTC,0.36,97,1
eIF4E.723,TAACCAATCACTATCTTCGGAG,0.41,97,1
Eif4ebp2.273,TTTCGGTCATAAATGATTCGTG,0.36,97,1
Itga2.3149,TTTATTTCTGCTGTGCAGCTGA,0.41,97,1
Itga2.397,TAACATTTGAGATGCTTGCTGA,0.36,97,1
Ptk2b.3693,TAATTTTAATTCAACCACCGAT,0.27,97,1
Rhod.215,TATAGCGCTCAAACACTGTGGG,0.5,97,1
Rhoh.1153,TTGGACATTATTAATAATCGTG,0.27,97,1
Rhov.549,TGAATTAGTACATTGACATCGT,0.32,97,1
Cd47.1462,TATCTCTGGGTAACTAACCCTC,0.45,96,1
eIF4E.389,TTAAATTACTAGACAACTGGAT,0.27,96,1
eIF4E.916,TATATCTTAGCAACACTTGGAT,0.32,96,1
eif4E.917,TTATATCTTAGCAACACTTGGA,0.32,96,1
MN1.2070,TTTTGTCGGACTAGAAGCCCGG,0.55,96,1
MN1.5169,TAACACTGGTAACATACTGTGG,0.41,96,1
Nedd9.3216,TTCAACTCTAAAAACATCCTTC,0.32,96,1
Nras.2486,TTCATTAGAATTACTGAGCTGA,0.32,96,1
Rac2.1136,TACTGAAGTAGATTTGTTCTGT,0.32,96,1
Rhoq.3024,TAATACTTTACTGTCTTGGTTC,0.32,96,1
Rock1.2032,TAAGTCTTCTAACTGGTCCTTT,0.36,96,1
Rock1.4082,TATCTTTTCTACATTCACCTTC,0.32,96,1
Vav1.3176,TTTAGCAAGACCTTGTCTCGAA,0.41,96,1
Bcar3.2792,TGAACTTGTCGTATCTCTCGTT,0.41,95,1
Cd44.2771,TTTTGCTAAACCATAAACCTGC,0.36,95,1
ILK.300,TTGTATTGCAACAGCTTCTGTA,0.36,95,1
Itga2.144,TTGAACTAGCATTAGCAGCCGC,0.5,95,1
Nedd9.367,TTGATATACATCTTGTTCTGGA,0.32,95,1
Rac1.872,TTTTATGGAAAAATTAATCTGT,0.18,95,1
Crk.1678,TAAAGTGCTCTGTACATCCTGC,0.45,94,1
Cttn.517,TCTTGGAAGACATTCTCTCGAA,0.41,94,1
Mll2.6942,TTCACTTCTAGGGACTTCCGGG,0.55,94,1
Nras.1525,TTCAGTTCCATCTTTCTCCTGG,0.45,94,1
Ptk2b.1224,TAGATGTCTGACTCTATGCTGC,0.45,94,1
Rhov.544,TAGTACATTGACATCGTCCCTT,0.41,94,1
Rock1.3255,TTATCTGTAATCTCTTGTCTAT,0.27,94,1
4EBP2.1199,TAAAAGCAGACAGAGCCACGGG,0.55,93,1
Bcar1.2759,TAAATATGTACAAATCCCTGGA,0.32,93,1
Bcar3.2793,TTGAACTTGTCGTATCTCTCGT,0.41,93,1
Cd44.3478,TTATCTTTAGCTCTGAGTCTTG,0.36,93,1
eif4E.792,TCTTCTTAAACAACAAACCTAT,0.27,93,1
Eif4ebp1.223,TCATAGATAATCCTGGTTCCTC,0.41,93,1
Eif4ebp1.498,TATGAGGCCTGAATGCTGTGCA,0.5,93,1
Fyb.2300,TTTAGTTGAATATAGAACTCGA,0.27,93,1
Itk.4251,TACTTGTAAAACATGTAGCTTT,0.27,93,1
Lck.1064,TTCTGTTCTTCGATGAACGCCA,0.45,93,1
Mll2.10440,TTGTCTAGGTCTGTGTCTGGGA,0.5,93,1
Mll2.4201,TAGAACAAACTTGTCTGTGTTA,0.32,93,1
Ptk2.1611,TTGATGTACATCTCCAAACTGA,0.36,93,1
Rock2.2612,TTGCATAAGACAACGCTTCTGA,0.41,93,1
Vav3.2770,TAGAAATCTACACAGATCGTGG,0.41,93,1
Crk.2643,TTCAGTATCACTGACCACCTAT,0.41,92,1
Crkl.3155,TTTACTATAGAACTTAGCCTGA,0.32,92,1
EID1.475,TTCTCAGAAACATCTTGTCGGC,0.45,92,1
EID1.968,TATTCTTGCAAAACCATCTTTA,0.27,92,1
Eif4ebp2.1631,TTATCAGATACTAACATGGGAG,0.36,92,1
Fyn.1613,TCAGACTTGATTGTGAACCTTC,0.41,92,1
GATAD2A.806,TTTTGTATTTGACTCTGCCGCA,0.41,92,1
MN1.1026,TTAAAGTTCCTCTCGCCCTGGC,0.55,92,1
Nck1.615,TTAGGTTATTGACAACTGCTGC,0.41,92,1
Nedd9.2854,TATAATTTTCTACAAAACCCAA,0.23,92,1
Nras.4196,TAAGAGTCTAAACACTTGCTTA,0.32,92,1
Lyn.1355,TTATCTTCGATGACTCTCGCGA,0.45,91,1
MEG8-001.243,ATAGTTTGAACACTGACTTGAC,0.36,91,1
Ptk2.352,TAGTACTCGAACTTGGTGTGTG,0.45,91,1
Rac2.2176,TCTAGTAAGAATTTCAACCTTA,0.27,91,1
Rras.158,TCAGACACAAAGTAGGACTGGA,0.45,91,1
Syk.3832,ATAGCTTCTAAATACTTCCTAA,0.27,91,1
Vav1.957,TAGCTCTTTGAGAACATTCCTC,0.41,91,1
Vav2.1901,TTGTCGAATGTGTACATCTGGA,0.41,91,1
Vav2.2444,TTGAACTTGATGCTGATGGCGA,0.45,91,1
Vav3.829,TAGGACTTTATTCATCTTCTTC,0.32,91,1
Crk.369,TTGATCTCCTATTCGGAGCCTG,0.5,90,1
EID1.402,TTCGGGATAGTCGTAGTCGTCC,0.55,90,1
Eif4ebp1.228,TCCGGTCATAGATAATCCTGGT,0.45,90,1
mTOR.1205,TTCTCTTCCATCAAGTCTCTGC,0.45,90,1
Rhog.911,TTGAACTCATGGAATACTTGGT,0.36,90,1
Bcar1.2128,TATTGGACGAGACACCTCCTGC,0.55,89,1
Bcar3.2787,TTGTCGTATCTCTCGTTCTGGT,0.45,89,1
Cd47.1548,TTGTTATTCAGCTAGCAGCGGA,0.45,89,1
Cdc42.265,TAGTTGTCAAAAACAGTTGGTA,0.32,89,1
Dock2.3139,TTTTGTTGTACTTAGCGTGTGT,0.36,89,1
Fyb.1483,TTTCGTTCTAGTTCCAACCTCT,0.41,89,1
Lyn.1968,TTGCAACAGTCTCTGAACCTGA,0.45,89,1
MEG9-001.164,TTCCACAAACGTTCTCTGAGTG,0.45,89,1
MEG9-001.64,TTCTCTGAATCCTTGAGGACCC,0.5,89,1
mTOR.7848,TTTAACAAGTCCAACTGTCTGT,0.36,89,1
Mtor.8463,TTGCTTATAACTCACAACCTGC,0.41,89,1
Nck1.441,TTATCAATGACAACTCATCCTC,0.36,89,1
Nck2.2417,ATTAGTGTCAACAACCAGCTAC,0.41,89,1
Nck2.863,TTCTCCATAACTGTGACACGGG,0.5,89,1
Rac1.901,TTATTGACTGGTTCATTGGTTC,0.36,89,1
RAG1.42,TGGGTGCTGAATTTCATCTGGG,0.5,89,1
Rhod.993,TATAACTCAATAGAATAGCCAC,0.32,89,1
Rhoq.3729,TATAACTTTCTGAATGTTCTTT,0.23,89,1
Rhou.1400,TTTCATAGCAATATAACTGGTC,0.32,89,1
Tiam1.361,TTTCTTGAACTGGTCAACCTTC,0.41,89,1
Vav3.1766,TAAATCAGCAAATCTGCCCTGG,0.45,89,1
CD47.351,TTTTGATCTGTAGTAGTGCTAT,0.32,88,1
Crkl.733,TAGAACTCTAACAAGGCCGGCA,0.5,88,1
Dock2.450,TTTGTTGCCATAGTCGATCTTC,0.41,88,1
Fyn.1526,TCATTGTCTTCAATCAACCGAG,0.41,88,1
Ilk.719,TTGTACTCCAGTCTCGAACCTT,0.45,88,1
Ilk.771,TGTGAGAAAATCCTGAGCCGGG,0.55,88,1
MEG9-001.741,TCACTGAGCACTTTCTCTGGAC,0.5,88,1
Rac1.856,TAATCTGTAACAAAAACTTGGC,0.32,88,1
Rhoc.166,TATATAGTTCTCAAAGACGGTA,0.32,88,1
Rhoj.2238,TACCATACAATTTTCTTCTGTG,0.32,88,1
Rhov.732,TTCAGTTTCTTCTCCAGACGGG,0.5,88,1
Rock2.5006,TACACAAACATGCAACTCCTTA,0.36,88,1
Vav1.1279,TACCTGTCTGTCTTTGAGCGAC,0.5,88,1
Vav3.1676,TTGATTACAGTGCTTGATCTGT,0.36,88,1
Bcar1.846,TCATACACATCCAACAATGGGT,0.41,87,1
Crkl.2954,TACATGTAGTGGAAACACCCAT,0.41,87,1
Eif4ebp1.780,TAAAAGTGTGGCTTTCCCAGGT,0.45,87,1
GATAD2A.1448,TAGATGAACTCGTTGTTGGCGG,0.5,87,1
LINC00173-002.1171,TAACATTCATCAACACCTCTGA,0.36,87,1
Nck1.1483,TTTTGAACCAAATTATTCGTTT,0.23,87,1
Nedd9.2713,TTCTGTACAACTTATGTCTTAG,0.32,87,1
Nras.2333,TTGAACAAACACATCAGCTTTT,0.32,87,1
Rhod.1153,TAGTAGTATGTAAAGATGCTTT,0.27,87,1
Rras.578,TCTTGTTCCTGGTATTTCCGGA,0.45,87,1
Crk.2223,TTACAGTCTAAAGAAACCCTAT,0.32,86,1
Dock2.1538,TTAGATTCTAGTGATGAGCGGT,0.41,86,1
GATAD2A.737,TTCAGCTGCTTGATCATCCTTT,0.41,86,1
Itk.4068,TACATTTCAAACCAAAACCTTT,0.27,86,1
Lck.1004,TTGACATTCAACTTGATGCCCG,0.45,86,1
MEG3-006.629,TTGGTGATTCAGTAGCATGCTC,0.45,86,1
Mll2.417,TTACAGAGAGCACAACGCCGTG,0.55,86,1
Nck2.459,TATGACAATGACTTCTTCTGTC,0.36,86,1
RAG1.98,TTTTCAAAGGATCTCACCCGGA,0.45,86,1
Rhof.1669,TAGAAGCAGAAACTGAGTGGAC,0.45,86,1
Eif4ebp1.409,TCCATCTCAAATTGTGACTCTT,0.36,85,1
JUN.802,TCTTACTTGTCGACTCGCGCGC,0.59,85,1
Lyn.346,TTGTTTGAAATCTCTGTCCTGG,0.41,85,1
Rhoa.1100,TTCTGATTTGTAATCTTAGGTA,0.27,85,1
Rhoc.162,TAGTTCTCAAAGACGGTAGGCA,0.45,85,1
Rhoj.1903,TTGGTTTGAATAACAGTAGGGT,0.36,85,1
FGD4-001.96,TTCATTTGTTCTTCCAGCGAGC,0.45,84,1
GATAD2A.2002,TTCTCTCAGAATGTCTGCCGGT,0.5,84,1
MEG8-001.235,AACACTGACTTGACCAAGCCAA,0.45,84,1
MEG8-001.38,TATTGTCTTCTAATGGACCTCA,0.36,84,1
Ripk1.1102,TAAGGGTACACAGTCATGCTGC,0.5,84,1
Ripk1.3534,TAAACTTACAGCAGGAAGCTGG,0.45,84,1
Syk.3115,TTGAAGACTTAGTACCTAGGTT,0.36,84,1
Crkl.926,TATCACTAGAAGCTCGCCCTTT,0.45,83,1
Dock1.673,TTGTTTAGAAGCAACTTCGTGT,0.36,83,1
Itga1.1054,ATATTGTACAATTCCAACCTGT,0.32,83,1
MEG8-001.2,ACTGGATTAATCATGATCTTTT,0.27,83,1
Rhof.1757,TTCTGAGAAATTGTCCAGCGTG,0.45,83,1
Rhou.915,TTGCATATGAATCTCAGCCCTA,0.41,83,1
Rras.320,TTAATGGCAAACACCAGCAGGA,0.45,83,1
Bcar1.1629,TCCATCTTCTGTAGTTGCCGGC,0.55,82,1
Fyn.402,TAGATCAGCATCCTGTTCCTTT,0.41,82,1
MGC11part4.358,TGAGGAATGGTGTAGGGTCTAC,0.5,82,1
Mll2.18526,TAGTCCAACTATACAACCCGGG,0.5,82,1
Rhoa.1484,TAACTCTGCAACAGCTGCGTGG,0.55,82,1
Rhoh.1184,TTGATGGAGAACAGCTTCCTTC,0.45,82,1
Rhoh.122,TTGGAAAAGCTGCAACACCGGA,0.5,82,1
Rhoh.4385,TTACATACCACACAAGAGCTTA,0.36,82,1
Rhoq.2484,TTTGTCTACACTACTGTCTGTT,0.36,82,1
Tiam1.929,TCTTCTTCTGCTTGGAACCGTC,0.5,82,1
Cd44.3842,TTTGCTGTGACAGTCTTGGGTC,0.5,81,1
Dnmt3a.1691,TTTGGCGTCAATCATCACGGGG,0.55,81,1
Fyb.1962,TAGTCTTCTCGTCAACCTGTGG,0.5,81,1
Fyb.2353,TTTATCTGCAGATCTCTCGCTC,0.45,81,1
GATAD2A.292,TTCTGAACGAAGTTGCTCGGCG,0.55,81,1
LINC00173-002.1221,TTCCAATTCACATCTCTTCCAA,0.36,81,1
MGC11part4.157,TCAGCTCATTGCCTGCTTCGTT,0.5,81,1
Rhof.403,TACTTCTCAAACACCGACGGGG,0.55,81,1
Bcar3.2016,TTGGTGAACAGTTCTTTCGCGT,0.45,80,1
FGD4-001.93,ATTTGTTCTTCCAGCGAGCCAA,0.45,80,1
JUN.1031,TGCAGTCATAGAACAGTCCGTC,0.5,80,1
Rhou.806,TTAAACACCTGCTATTTGCGAG,0.41,80,1
Ilk.723,TTCCTTGTACTCCAGTCTCGAA,0.45,79,1
MGC11part4.161,AACATCAGCTCATTGCCTGCTT,0.45,79,1
Nck2.1436,TTGAAGTGCTTGTTTCTCCCTG,0.45,79,1
Rhog.1122,TTTCTTCTCAGGATTCTGTGGC,0.45,79,1
Rhoq.2483,TTGTCTACACTACTGTCTGTTG,0.41,79,1
Rptor.1192,TTTCTTGACTTCATCCACAGTA,0.36,79,1
Vav2.1397,TTGAGCTGTTGTCTTTCTGGTC,0.45,79,1
DLK1-001.1761,TACAGCACTCGTAACGGTTTCA,0.45,78,1
Dock1.1126,TTTATCTTCATCATCGACTTTC,0.32,78,1
MEG3-006.1008,TTGTGAGCGTGCTTCCACGGAG,0.59,78,1
Rhoa.809,TTCATTTTGGCCAACTCCCGTC,0.5,78,1
Ripk1.675,TTGTTCTTCTTAGTGGTGCTGC,0.45,78,1
Rras.190,TTGTGTAGGAATCTTCAATGGT,0.36,78,1
Dock1.6559,TTAAACATGAAGACACACTGGA,0.36,77,1
Eif4ebp2.390,TTCACTTCTACTTTGGAGTCTT,0.36,77,1
JUN.2656,TTATTTACAAACAACACTGGGC,0.36,77,1
LINC00173-001.207,AGGTGATCAAGATCAATCTGGT,0.41,77,1
LINC00173-002.1216,ATTCACATCTCTTCCAACGGGA,0.45,77,1
MGC11part4.18,AATCCTGGAGACGTCCTTCCTT,0.5,77,1
Vav1.832,TTGTACTTGATGAAGACCTGAT,0.36,77,1
DLK1-001.928,TTGCACAGACACTCGTAGCTCA,0.5,76,1
Lyn.425,TTGAAGGACAAGTCATCTGGGT,0.45,76,1
DLK1-001.488,AACATCTCTATCACAGAGCTCC,0.45,75,1
LINC00173-002.101,TTAGCTTTGCTCTTGCACTGAG,0.45,75,1
Rhoc.297,TCAATGGAGAAACACATGAGGA,0.41,75,1
Rhod.740,TTCTGGGTCTTTCTGCAGCGGA,0.55,75,1
Rhof.1451,TTGAGAGATTGTTTCTTCTCAC,0.36,75,1
Cdc42.371,TGTCTGTGGATAACTTAGCGGT,0.45,74,1
eif4E.1710,TACAGTTTTGTACACTGTCTTA,0.32,74,1
LINC00173-001.10,TACCAAGCGCTTAGAGCAGGTG,0.55,74,1
MEG8-001.200,ACAGATGACACGATCCTCCGAC,0.55,74,1
Eif4ebp2.378,TTGGAGTCTTCAATTAAGGCGC,0.45,73,1
Rhob.1739,TTCAGTAACAATAGTCTCTTGA,0.32,73,1
Rhob.539,TAAACGATCGTAGTCCTCCTGG,0.5,73,1
Rhoh.3759,TCACACAACTTCATCTAGCTAT,0.36,73,1
MEG3-006.934,AAGACAGCAAGTGTAGACAGGC,0.5,72,1
Mll2.4311,TTGCTGTTGACACAGTACGGGT,0.5,72,1
Rhob.1775,TTCATCAACAACAAAAAGCTTC,0.32,72,1
Rhog.977,TGAACTGGTCAGTAGCAGGGAA,0.5,72,1
Rhov.1,TGACAATCTGTCCAAGCTGGGC,0.55,72,1
Rras.377,TTGACTCTGAGGATCTGTGTGA,0.45,71,1
EID1.396,ATAGTCGTAGTCGTCCTCCCAG,0.55,70,1
Vav2.554,TTCTTCAGACACAAGAACTGGG,0.45,70,1
Rhoj.1783,TTAAAAACATTATAGGTCTGTA,0.23,69,1
MEG3-006.962,TTGAAGAGGAAATTGGAGGTGA,0.41,67,1
MEG9-001.61,TCTGAATCCTTGAGGACCCCTG,0.55,67,1
Rhou.3201,TTTGGCTTGAGACTTCTGGGTA,0.45,67,1
Lck.1655,TATGTGTGACACACGCACAGGT,0.5,66,1
MGC11.160,ACATCAGCTCATTGCCTGCTTC,0.5,66,1
Nck1.1300,TATAGTTAGAAACAGCACTTTC,0.32,66,1
Vav1.931,TTCATCTGCACATCCTCCCGTG,0.55,66,1
Cdc42.347,TAGTCTGTCATAATCCTCTTGC,0.41,65,1
Eif4ebp2.1725,TGTAGTTCAAAATTGTACTGAA,0.27,65,1
MEG3-006.1016,ACGTGCCTTTGTGAGCGTGCTT,0.55,65,1
Dock1.1373,TATCATTTCGAACATCACCTGG,0.41,64,1
MEG3-006.622,TTCAGTAGCATGCTCATTCCAG,0.45,64,1
MEG8-001.37,ATTGTCTTCTAATGGACCTCAG,0.41,64,1
Rac2.1286,TTCCATTTGCTATGGATCGGGT,0.45,64,1
Cdc42.179,ATCACCAACAACAACACACTTA,0.36,63,1
Fyn.1561,TAATGGGAAACTTCGCACCTTG,0.45,62,1
LINC00173-002.1044,TTTGAACTCTGATCCACCCCGA,0.5,62,1
LINC00173-002.722,ACACAGACTGTAATCATCGTGC,0.45,62,1
RAG1.273,TCTTGCTTTCTCGTTGTCGTGA,0.45,61,1
Cd47.1268,TTATTATGTAAAGTACAGCTGC,0.32,58,1
MGC11.144,TGCTTCGTTGTCATTGGTGCCC,0.55,58,1
Rhob.1734,TAACAATAGTCTCTTGAGCTGA,0.36,58,1
JUN.2084,TTCTCAAGTCTGTCTCTCTGTG,0.45,57,1
Rhoj.1784,TTTAAAAACATTATAGGTCTGT,0.23,56,1
Dock2.5154,TTGCTTTCTAGAAAGCCGCTTC,0.45,54,1
MEG9-001.163,TCCACAAACGTTCTCTGAGTGC,0.5,53,1
Rhog.787,TAGTCCTTAAGGCACAGCTGGG,0.55,53,1
MEG3-006.315,TAAGTCTTTAGGTAAGAGGGAC,0.41,52,1
Vav1.2308,TTAAGGGACAGTTCCGACCTGT,0.5,52,1
Lck.819,TTGTTTCAGACTCTTCACCGCC,0.5,49,0
LINC00173-001.234,AAGGAAGACTAGGTGCTGGGGA,0.55,49,0
Rock1.3643,TTGCATGTCATTCAGCTCCTTC,0.45,43,0
Rhoc.117,TTGCTGAAGACAATGAGGAGGC,0.5,42,0
Rock2.5384,TATTCTATAGTCACAGACCTGC,0.41,40,0
Rac2.1533,TTTCCTTAGAGCTTGCCTGGGG,0.55,37,0
MEG9-001.130,TTCCTCCTGTCCAAGGGTGTGA,0.55,34,0
LINC00173-002.173,AACCGGAGTAGATACATTCGGG,0.5,32,0
Tiam1.1656,TTCTTGAGCTGTGTCATGCGGG,0.55,26,0
Rac1.924,TTACATTTAAAACAGAACCTTA,0.23,23,0
MEG8-001.350,TGAGTTGGAATCCTGGGTCTTG,0.5,21,0
Rac1.857,TTAATCTGTAACAAAAACTTGG,0.27,18,0
Rhoh.2079,ATTTATAACAACACTTGCCTGC,0.36,8,0
FGD4-001.176,TTGGACAGGTACTGCTGCCTTA,0.5,0,0
GATAD2A.2732,TTTAACTCCATCATCATGAGGT,0.36,0,0
